country_id,name,latitude,longtitude,population,slots,available_slots,ground_operations,landing_cost,boarding_cost,space_rent,hub_opening_cost,accomadation_cost
1,Algiers,36.7631,3.0506,3354000,60,60,420,1000,20,1000,335400,250
2,Luanda,-8.8383,13.2344,5172900,100,100,700,1000,20,1000,517290,250
2,Huambo,-12.75,15.76,1100000,20,20,140,1000,20,1000,110000,250
3,Ouagadougou,12.3703,-1.5247,1149000,20,20,140,1000,20,1000,114900,250
4,Rangoon,16.7834,96.1667,4088000,80,80,560,1000,20,1000,408800,250
4,Mandalay,21.97,96.085,1300000,20,20,140,1000,20,1000,130000,250
5,Douala,4.0604,9.71,1906000,30,30,210,1000,20,1000,190600,250
5,Yaounde,3.8667,11.5167,1611000,30,30,210,1000,20,1000,161100,250
6,Brazzaville,-4.2592,15.2847,1355000,20,20,140,1000,20,1000,135500,250
7,Kinshasa,-4.3297,15.315,7843000,150,150,1050,1000,20,1000,784300,250
7,Lubumbashi,-11.68,27.48,1352000,20,20,140,1000,20,1000,135200,250
7,Mbuji-Mayi,-6.15,23.6,1295000,20,20,140,1000,20,1000,129500,250
8,Abidjan,5.32,-4.04,3802000,70,70,490,1000,20,1000,380200,250
9,Cairo,30.05,31.25,11893000,230,230,1610,1000,20,1000,1189300,250
9,Alexandria,31.2,29.95,4165000,80,80,560,1000,20,1000,416500,250
9,El Giza,30.01,31.19,2681863,50,50,350,1000,20,1000,268186,250
10,Addis Ababa,9.0333,38.7,3100000,60,60,420,1000,20,1000,310000,250
11,Accra,5.55,-0.2167,2121000,40,40,280,1000,20,1000,212100,250
11,Kumasi,6.69,-1.63,1646000,30,30,210,1000,20,1000,164600,250
12,Conakry,9.5315,-13.6802,1494000,20,20,140,1000,20,1000,149400,250
13,Monrovia,6.3106,-10.8048,1041000,20,20,140,1000,20,1000,104100,250
14,Tripoli,32.8925,13.18,2189000,40,40,280,1000,20,1000,218900,250
14,Banghazi,32.1167,20.0667,1180000,20,20,140,1000,20,1000,118000,250
15,Antananarivo,-18.9166,47.5166,1697000,30,30,210,1000,20,1000,169700,250
16,Bamako,12.65,-8,1494000,20,20,140,1000,20,1000,149400,250
17,Casablanca,33.6,-7.6164,3181000,60,60,420,1000,20,1000,318100,250
17,Rabat,34.0253,-6.8361,1705000,30,30,210,1000,20,1000,170500,250
17,Fez,34.0546,-5.0004,1002000,20,20,140,1000,20,1000,100200,250
18,Maputo,-25.9553,32.5892,1446000,20,20,140,1000,20,1000,144600,250
19,Lagos,6.4433,3.3915,9466000,180,180,1260,1000,20,1000,946600,250
19,Kano,12,8.52,3140000,60,60,420,1000,20,1000,314000,250
19,Ibadan,7.38,3.93,2628000,50,50,350,1000,20,1000,262800,250
19,Abuja,9.0833,7.5333,1576000,30,30,210,1000,20,1000,157600,250
19,Kaduna,10.52,7.44,1442000,20,20,140,1000,20,1000,144200,250
19,Benin City,6.3405,5.62,1190000,20,20,140,1000,20,1000,119000,250
19,Ikare,7.5304,5.76,1099931,20,20,140,1000,20,1000,109993,250
19,Port Harcourt,4.81,7.01,1020000,20,20,140,1000,20,1000,102000,250
20,Dakar,14.7158,-17.4731,2604000,50,50,350,1000,20,1000,260400,250
21,Mogadishu,2.0667,45.3667,1100000,20,20,140,1000,20,1000,110000,250
22,Johannesburg,-26.17,28.03,3435000,60,60,420,1000,20,1000,343500,250
22,Cape Town,-33.92,18.435,3215000,60,60,420,1000,20,1000,321500,250
22,Benoni,-26.1496,28.3299,2986000,50,50,350,1000,20,1000,298600,250
22,Durban,-29.865,30.98,2729000,50,50,350,1000,20,1000,272900,250
22,Pretoria,-25.7069,28.2294,1338000,20,20,140,1000,20,1000,133800,250
22,Vereeniging,-26.6496,27.96,1074000,20,20,140,1000,20,1000,107400,250
22,Port Elizabeth,-33.97,25.6,1021000,20,20,140,1000,20,1000,102100,250
23,Khartoum,15.5881,32.5342,4754000,90,90,630,1000,20,1000,475400,250
23,Omdurman,15.6167,32.48,2395159,40,40,280,1000,20,1000,239515,250
24,Dar es Salaam,-6.8,39.2683,2930000,50,50,350,1000,20,1000,293000,250
25,Lome,6.1319,1.2228,1452000,20,20,140,1000,20,1000,145200,250
26,Tunis,36.8028,10.1797,2412500,40,40,280,1000,20,1000,241250,250
27,Kampala,0.3167,32.5833,1420000,20,20,140,1000,20,1000,142000,250
28,Lusaka,-15.4166,28.2833,1328000,20,20,140,1000,20,1000,132800,250
29,Harare,-17.8178,31.0447,1572000,30,30,210,1000,20,1000,157200,250
30,Kabul,34.5167,69.1833,3277000,60,60,420,1000,20,1000,327700,250
31,Yerevan,40.1812,44.5136,1102000,20,20,140,1000,20,1000,110200,250
32,Baku,40.3953,49.8622,2122300,40,40,280,1000,20,1000,212230,250
33,Dhaka,23.7231,90.4086,12797394,250,250,1750,1000,20,1000,1279739,250
33,Chittagong,22.33,91.8,4529000,90,90,630,1000,20,1000,452900,250
33,Khulna,22.84,89.56,1553000,30,30,210,1000,20,1000,155300,250
34,Phnom Penh,11.55,104.9166,1466000,20,20,140,1000,20,1000,146600,250
35,Shanghai,31.2165,121.4365,14987000,290,290,2030,1000,20,1000,1498700,250
35,Beijing,39.9289,116.3883,11106000,220,220,1540,1000,20,1000,1110600,250
35,Guangzhou,23.145,113.325,8829000,170,170,1190,1000,20,1000,882900,250
35,Shenzhen,22.5524,114.1221,7581000,150,150,1050,1000,20,1000,758100,250
35,Wuhan,30.58,114.27,7243000,140,140,980,1000,20,1000,724300,250
35,Tianjin,39.13,117.2,7180000,140,140,980,1000,20,1000,718000,250
35,Chongqing,29.565,106.595,6461000,120,120,840,1000,20,1000,646100,250
35,Shenyeng,41.805,123.45,4787000,90,90,630,1000,20,1000,478700,250
35,Dongguan,23.0489,113.7447,4528000,90,90,630,1000,20,1000,452800,250
35,Chengdu,30.67,104.07,4123000,80,80,560,1000,20,1000,412300,250
35,Xian,34.275,108.895,4009000,80,80,560,1000,20,1000,400900,250
35,Hechi,23.0965,109.6091,3830000,70,70,490,1000,20,1000,383000,250
35,Nanjing,32.05,118.78,3679000,70,70,490,1000,20,1000,367900,250
35,Guiyang,26.58,106.72,3662000,70,70,490,1000,20,1000,366200,250
35,Harbin,45.75,126.65,3621000,70,70,490,1000,20,1000,362100,250
35,Zhangzhou,24.5204,117.67,3531147,70,70,490,1000,20,1000,353114,250
35,Changchun,43.865,125.34,3183000,60,60,420,1000,20,1000,318300,250
35,Dalian,38.9228,121.6298,3167000,60,60,420,1000,20,1000,316700,250
35,Zibo,36.8,118.05,3061000,60,60,420,1000,20,1000,306100,250
35,Hangzhou,30.25,120.17,3007000,60,60,420,1000,20,1000,300700,250
35,Kunming,25.07,102.68,2931000,50,50,350,1000,20,1000,293100,250
35,Taiyuan,37.875,112.5451,2913000,50,50,350,1000,20,1000,291300,250
35,Qingdao,36.09,120.33,2866000,50,50,350,1000,20,1000,286600,250
35,Jinan,36.675,116.995,2798000,50,50,350,1000,20,1000,279800,250
35,Zhengzhou,34.755,113.6651,2636000,50,50,350,1000,20,1000,263600,250
35,Fuzhou,26.08,119.3,2606000,50,50,350,1000,20,1000,260600,250
35,Changsha,28.2,112.97,2604000,50,50,350,1000,20,1000,260400,250
35,Xiangtan,27.8504,112.9,2586948,50,50,350,1000,20,1000,258694,250
35,Lanzhou,36.056,103.792,2561000,50,50,350,1000,20,1000,256100,250
35,Xiamen,24.45,118.08,2519000,50,50,350,1000,20,1000,251900,250
35,Jinxi,40.7503,120.83,2426000,40,40,280,1000,20,1000,242600,250
35,Shijianzhuang,38.05,114.48,2417000,40,40,280,1000,20,1000,241700,250
35,Jilin,43.85,126.55,2396000,40,40,280,1000,20,1000,239600,250
35,Nanchang,28.68,115.88,2350000,40,40,280,1000,20,1000,235000,250
35,Wenzhou,28.02,120.6501,2350000,40,40,280,1000,20,1000,235000,250
35,Nanchong,30.7804,106.13,2174000,40,40,280,1000,20,1000,217400,250
35,Nanning,22.82,108.32,2167000,40,40,280,1000,20,1000,216700,250
35,Urumqi,43.805,87.575,2151000,40,40,280,1000,20,1000,215100,250
35,Zaozhuang,34.88,117.57,2145000,40,40,280,1000,20,1000,214500,250
35,Yantai,37.5304,121.4,2116000,40,40,280,1000,20,1000,211600,250
35,Xuzhou,34.28,117.18,2091000,40,40,280,1000,20,1000,209100,250
35,Linyi,35.08,118.33,2082000,40,40,280,1000,20,1000,208200,250
35,Haikou,20.05,110.32,2046189,40,40,280,1000,20,1000,204618,250
35,Baotou,40.6522,109.822,2036000,40,40,280,1000,20,1000,203600,250
35,Hefei,31.85,117.28,2035000,40,40,280,1000,20,1000,203500,250
35,Suzhou,33.6361,116.9789,1964000,30,30,210,1000,20,1000,196400,250
35,Nanyang,33.0004,112.53,1944000,30,30,210,1000,20,1000,194400,250
35,Ningbo,29.88,121.55,1923000,30,30,210,1000,20,1000,192300,250
35,Tangshan,39.6243,118.1944,1879000,30,30,210,1000,20,1000,187900,250
35,Datong,40.08,113.3,1873000,30,30,210,1000,20,1000,187300,250
35,Shuyang,34.1299,118.7734,1770000,30,30,210,1000,20,1000,177000,250
35,Shangqiu,34.4504,115.65,1753000,30,30,210,1000,20,1000,175300,250
35,Wuxi,31.58,120.3,1749000,30,30,210,1000,20,1000,174900,250
35,Hohhot,40.82,111.66,1726000,30,30,210,1000,20,1000,172600,250
35,Luoyang,34.68,112.4701,1715000,30,30,210,1000,20,1000,171500,250
35,Jianmen,30.6501,113.16,1708000,30,30,210,1000,20,1000,170800,250
35,Daqing,46.58,125,1693000,30,30,210,1000,20,1000,169300,250
35,Luan,31.7503,116.48,1690000,30,30,210,1000,20,1000,169000,250
35,Wanzhou,30.82,108.4,1680000,30,30,210,1000,20,1000,168000,250
35,Suzhou,31.3005,120.62,1650000,30,30,210,1000,20,1000,165000,250
35,Qiqihar,47.345,123.99,1641000,30,30,210,1000,20,1000,164100,250
35,Anshan,41.115,122.94,1639000,30,30,210,1000,20,1000,163900,250
35,Handan,36.58,114.48,1631000,30,30,210,1000,20,1000,163100,250
35,Taian,36.2,117.1201,1629000,30,30,210,1000,20,1000,162900,250
35,Shantou,23.37,116.67,1601000,30,30,210,1000,20,1000,160100,250
35,Zhanjiang,21.2,110.38,1590000,30,30,210,1000,20,1000,159000,250
35,Xiantao,30.3704,113.44,1556000,30,30,210,1000,20,1000,155600,250
35,Weifang,36.7204,119.1001,1553000,30,30,210,1000,20,1000,155300,250
35,Xinyang,32.1304,114.07,1541000,30,30,210,1000,20,1000,154100,250
35,Luzhou,28.88,105.38,1537000,30,30,210,1000,20,1000,153700,250
35,Ganzhou,25.92,114.95,1500000,30,30,210,1000,20,1000,150000,250
35,Liuzhou,24.28,109.25,1497000,20,20,140,1000,20,1000,149700,250
35,Fushun,41.8654,123.87,1470000,20,20,140,1000,20,1000,147000,250
35,Changde,29.03,111.68,1469000,20,20,140,1000,20,1000,146900,250
35,Neijiang,29.5804,105.05,1466000,20,20,140,1000,20,1000,146600,250
35,Quanzhou,24.9,118.58,1463000,20,20,140,1000,20,1000,146300,250
35,Huainan,32.63,116.98,1451000,20,20,140,1000,20,1000,145100,250
35,Suining,30.5333,105.5333,1425000,20,20,140,1000,20,1000,142500,250
35,Mianyang,31.47,104.77,1396000,20,20,140,1000,20,1000,139600,250
35,Maanshan,31.7304,118.48,1366302,20,20,140,1000,20,1000,136630,250
35,Yiyang,28.6004,112.33,1352000,20,20,140,1000,20,1000,135200,250
35,Heze,35.23,115.45,1338000,20,20,140,1000,20,1000,133800,250
35,Changzhou,31.78,119.97,1327000,20,20,140,1000,20,1000,132700,250
35,Chifeng,42.27,118.95,1277000,20,20,140,1000,20,1000,127700,250
35,Huaiyin,33.58,119.03,1264000,20,20,140,1000,20,1000,126400,250
35,Mudangiang,44.575,129.59,1244000,20,20,140,1000,20,1000,124400,250
35,Huzhou,30.8704,120.1,1231000,20,20,140,1000,20,1000,123100,250
35,Tianshui,34.6,105.92,1225000,20,20,140,1000,20,1000,122500,250
35,Lupanshui,26.5944,104.8333,1221000,20,20,140,1000,20,1000,122100,250
35,Maoming,21.9204,110.87,1217715,20,20,140,1000,20,1000,121771,250
35,Jining,35.4004,116.55,1186000,20,20,140,1000,20,1000,118600,250
35,Leshan,29.5671,103.7333,1157000,20,20,140,1000,20,1000,115700,250
35,Shangrao,28.4704,117.97,1144577,20,20,140,1000,20,1000,114457,250
35,Yulin,22.63,110.15,1127000,20,20,140,1000,20,1000,112700,250
35,Xianyang,34.3456,108.7147,1126000,20,20,140,1000,20,1000,112600,250
35,Baoding,38.8704,115.48,1107000,20,20,140,1000,20,1000,110700,250
35,Zigong,29.4,104.78,1105000,20,20,140,1000,20,1000,110500,250
35,Ankang,32.68,109.02,1100000,20,20,140,1000,20,1000,110000,250
35,Jinhua,29.12,119.65,1092852,20,20,140,1000,20,1000,109285,250
35,Zhuzhou,27.83,113.15,1080000,20,20,140,1000,20,1000,108000,250
35,Xiangfan,32.02,112.13,1069000,20,20,140,1000,20,1000,106900,250
35,Zhucheng,35.99,119.3801,1060000,20,20,140,1000,20,1000,106000,250
35,Xining,36.62,101.77,1048000,20,20,140,1000,20,1000,104800,250
35,Zhangjiakou,40.83,114.93,1046000,20,20,140,1000,20,1000,104600,250
35,Zhuhai,22.2769,113.5678,1023000,20,20,140,1000,20,1000,102300,250
35,Jiamusi,46.83,130.35,1020000,20,20,140,1000,20,1000,102000,250
35,Hengyang,26.88,112.59,1016000,20,20,140,1000,20,1000,101600,250
35,Benxi,41.3304,123.75,1012000,20,20,140,1000,20,1000,101200,250
35,Qinhuangdao,39.9304,119.62,1003000,20,20,140,1000,20,1000,100300,250
35,Yongzhou,26.2304,111.62,1000000,20,20,140,1000,20,1000,100000,250
35,Baoshan,25.12,99.15,1000000,20,20,140,1000,20,1000,100000,250
36,Tbilisi,41.725,44.7908,1100000,20,20,140,1000,20,1000,110000,250
37,Hong Kong,22.305,114.185,7206000,140,140,980,1000,20,1000,720600,250
38,Mumbai,19.017,72.857,18978000,370,370,2590,1000,20,1000,1897800,250
38,Delhi,28.67,77.23,15926000,310,310,2170,1000,20,1000,1592600,250
38,Kolkata,22.495,88.3247,14787000,290,290,2030,1000,20,1000,1478700,250
38,Chennai,13.09,80.28,7163000,140,140,980,1000,20,1000,716300,250
38,Bangalore,12.97,77.56,6787000,130,130,910,1000,20,1000,678700,250
38,Hyderabad,17.4,78.48,6376000,120,120,840,1000,20,1000,637600,250
38,Ahmedabad,23.0301,72.58,5375000,100,100,700,1000,20,1000,537500,250
38,Haora,22.5804,88.3299,4841638,90,90,630,1000,20,1000,484163,250
38,Pune,18.53,73.85,4672000,90,90,630,1000,20,1000,467200,250
38,Surat,21.2,72.84,3842000,70,70,490,1000,20,1000,384200,250
38,Kanpur,26.46,80.32,3162000,60,60,420,1000,20,1000,316200,250
38,Jaipur,26.9211,75.81,2917000,50,50,350,1000,20,1000,291700,250
38,Lucknow,26.855,80.915,2695000,50,50,350,1000,20,1000,269500,250
38,Nagpur,21.17,79.09,2454000,40,40,280,1000,20,1000,245400,250
38,Patna,25.625,85.13,2158000,40,40,280,1000,20,1000,215800,250
38,Indore,22.7151,75.865,2026000,40,40,280,1000,20,1000,202600,250
38,Vadodara,22.31,73.18,1756000,30,30,210,1000,20,1000,175600,250
38,Bhopal,23.25,77.41,1727000,30,30,210,1000,20,1000,172700,250
38,Coimbatore,11,76.95,1696000,30,30,210,1000,20,1000,169600,250
38,Ludhiana,30.9278,75.8723,1649000,30,30,210,1000,20,1000,164900,250
38,Agra,27.1704,78.015,1592000,30,30,210,1000,20,1000,159200,250
38,Kalyan,19.2502,73.1602,1576614,30,30,210,1000,20,1000,157661,250
38,Vishakhapatnam,17.73,83.305,1529000,30,30,210,1000,20,1000,152900,250
38,Kochi,10.015,76.2239,1519000,30,30,210,1000,20,1000,151900,250
38,Nasik,20.0004,73.78,1473000,20,20,140,1000,20,1000,147300,250
38,Meerut,29.0004,77.7,1398000,20,20,140,1000,20,1000,139800,250
38,Faridabad,28.4333,77.3167,1394000,20,20,140,1000,20,1000,139400,250
38,Varanasi,25.33,83,1352000,20,20,140,1000,20,1000,135200,250
38,Ghaziabad,28.6604,77.4084,1341000,20,20,140,1000,20,1000,134100,250
38,Asansol,23.6833,86.9833,1328000,20,20,140,1000,20,1000,132800,250
38,Jamshedpur,22.7875,86.1975,1300000,20,20,140,1000,20,1000,130000,250
38,Madurai,9.92,78.12,1294000,20,20,140,1000,20,1000,129400,250
38,Jabalpur,23.1751,79.9551,1285000,20,20,140,1000,20,1000,128500,250
38,Rajkot,22.31,70.8,1260000,20,20,140,1000,20,1000,126000,250
38,Dhanbad,23.8004,86.42,1246000,20,20,140,1000,20,1000,124600,250
38,Amritsar,31.64,74.87,1212000,20,20,140,1000,20,1000,121200,250
38,Warangal,18.01,79.58,1203853,20,20,140,1000,20,1000,120385,250
38,Allahabad,25.455,81.84,1201000,20,20,140,1000,20,1000,120100,250
38,Srinagar,34.1,74.815,1140000,20,20,140,1000,20,1000,114000,250
38,Vijayawada,16.52,80.63,1137000,20,20,140,1000,20,1000,113700,250
38,Aurangabad,19.8957,75.3203,1113000,20,20,140,1000,20,1000,111300,250
38,Bhilai,21.2167,81.4333,1097000,20,20,140,1000,20,1000,109700,250
38,Sholapur,17.6704,75.9,1057000,20,20,140,1000,20,1000,105700,250
38,Ranchi,23.37,85.33,1044000,20,20,140,1000,20,1000,104400,250
39,Jakarta,-6.1744,106.8294,9125000,180,180,1260,1000,20,1000,912500,250
39,Surabaya,-7.2492,112.7508,2845000,50,50,350,1000,20,1000,284500,250
39,Bandung,-6.95,107.57,2394000,40,40,280,1000,20,1000,239400,250
39,Bekasi,-6.2173,106.9723,2378211,40,40,280,1000,20,1000,237821,250
39,Medan,3.58,98.65,2115000,40,40,280,1000,20,1000,211500,250
39,Palembang,-2.98,104.75,1749000,30,30,210,1000,20,1000,174900,250
39,Semarang,-6.9666,110.42,1396000,20,20,140,1000,20,1000,139600,250
39,Ujungpandang,-5.14,119.432,1262000,20,20,140,1000,20,1000,126200,250
39,Cilacap,-7.7188,109.0154,1174964,20,20,140,1000,20,1000,117496,250
40,Tokyo,35.685,139.7514,35676000,710,710,4970,1000,20,1000,3567600,250
40,Osaka,34.75,135.4601,11294000,220,220,1540,1000,20,1000,1129400,250
40,Yokohama,35.32,139.58,3697894,70,70,490,1000,20,1000,369789,250
40,Nagoya,35.155,136.915,3230000,60,60,420,1000,20,1000,323000,250
40,Fukuoka,33.595,130.41,2792000,50,50,350,1000,20,1000,279200,250
40,Sapporo,43.075,141.34,2544000,50,50,350,1000,20,1000,254400,250
40,Sendai,38.2871,141.0217,2250000,40,40,280,1000,20,1000,225000,250
40,Hiroshima,34.3878,132.4429,2045000,40,40,280,1000,20,1000,204500,250
40,Kyoto,35.03,135.75,1805000,30,30,210,1000,20,1000,180500,250
40,Kobe,34.68,135.17,1528478,30,30,210,1000,20,1000,152847,250
40,Kawasaki,35.53,139.705,1437266,20,20,140,1000,20,1000,143726,250
41,Almaty,43.325,76.915,1209000,20,20,140,1000,20,1000,120900,250
42,Nairobi,-1.2833,36.8167,3010000,60,60,420,1000,20,1000,301000,250
43,Pyongyang,39.0194,125.7547,3300000,60,60,420,1000,20,1000,330000,250
43,Nampo,38.7669,125.4524,1127000,20,20,140,1000,20,1000,112700,250
44,Seoul,37.5663,126.9997,9796000,190,190,1330,1000,20,1000,979600,250
44,Busan,35.0951,129.01,3480000,60,60,420,1000,20,1000,348000,250
44,Incheon,37.4761,126.6422,2550000,50,50,350,1000,20,1000,255000,250
44,Daegu,35.8668,128.607,2460000,40,40,280,1000,20,1000,246000,250
44,Daejeon,36.3355,127.425,1468000,20,20,140,1000,20,1000,146800,250
44,Gwangju,35.171,126.9104,1440000,20,20,140,1000,20,1000,144000,250
44,Changwon,35.2191,128.5836,1081499,20,20,140,1000,20,1000,108149,250
44,Suwon,37.2578,127.0109,1078000,20,20,140,1000,20,1000,107800,250
44,Ulsan,35.5467,129.317,1061000,20,20,140,1000,20,1000,106100,250
45,George Town,5.4136,100.3294,2500000,50,50,350,1000,20,1000,250000,250
45,Kuala Lumpur,3.1667,101.7,1448000,20,20,140,1000,20,1000,144800,250
46,Karachi,24.87,66.99,12130000,240,240,1680,1000,20,1000,1213000,250
46,Lahore,31.56,74.35,6577000,130,130,910,1000,20,1000,657700,250
46,Faisalabad,31.41,73.11,2617000,50,50,350,1000,20,1000,261700,250
46,Saidu,34.75,72.35,1860310,30,30,210,1000,20,1000,186031,250
46,Rawalpindi,33.6,73.04,1858000,30,30,210,1000,20,1000,185800,250
46,Multan,30.2,71.455,1522000,30,30,210,1000,20,1000,152200,250
46,Gujranwala,32.1604,74.185,1513000,30,30,210,1000,20,1000,151300,250
46,Hyderabad,25.38,68.375,1459000,20,20,140,1000,20,1000,145900,250
46,Peshawar,34.005,71.535,1303000,20,20,140,1000,20,1000,130300,250
46,Abbottabad,34.1495,73.1995,1183647,20,20,140,1000,20,1000,118364,250
47,Manila,14.6042,120.9822,11100000,220,220,1540,1000,20,1000,1110000,250
47,Quezon City,14.6504,121.03,2761720,50,50,350,1000,20,1000,276172,250
47,Davao,7.11,125.63,1402000,20,20,140,1000,20,1000,140200,250
47,Cagayan de Oro,8.4508,124.6853,1121561,20,20,140,1000,20,1000,112156,250
48,Singapore,1.293,103.8558,5183700,100,100,700,1000,20,1000,518370,250
49,Taipei,25.0358,121.5683,6900273,130,130,910,1000,20,1000,690027,250
49,Kaohsiung,22.6333,120.2666,2769072,50,50,350,1000,20,1000,276907,250
49,Taichung,24.1521,120.6817,2629323,50,50,350,1000,20,1000,262932,250
49,Tainan,23,120.2,1876312,30,30,210,1000,20,1000,187631,250
49,Zhongli,24.965,121.2168,1632616,30,30,210,1000,20,1000,163261,250
50,Dushanbe,38.56,68.7739,1086244,20,20,140,1000,20,1000,108624,250
51,Bangkok,13.75,100.5166,6704000,130,130,910,1000,20,1000,670400,250
52,Tashkent,41.3117,69.2949,2184000,40,40,280,1000,20,1000,218400,250
53,Ho Chi Minh City,10.78,106.695,5314000,100,100,700,1000,20,1000,531400,250
53,Hanoi,21.0333,105.85,4378000,80,80,560,1000,20,1000,437800,250
53,Haiphong,20.83,106.6801,1969000,30,30,210,1000,20,1000,196900,250
53,Can Tho,10.05,105.77,1121000,20,20,140,1000,20,1000,112100,250
53,Da Nang,16.06,108.25,1000000,20,20,140,1000,20,1000,100000,250
54,Sydney,-33.92,151.1852,4630000,90,90,630,1000,20,1000,463000,250
54,Melbourne,-37.82,144.975,4170000,80,80,560,1000,20,1000,417000,250
54,Brisbane,-27.455,153.0351,1860000,30,30,210,1000,20,1000,186000,250
54,Perth,-31.955,115.84,1532000,30,30,210,1000,20,1000,153200,250
54,Adelaide,-34.935,138.6,1145000,20,20,140,1000,20,1000,114500,250
54,Newcastle,-32.8453,151.815,1134616,20,20,140,1000,20,1000,113461,250
55,Auckland,-36.8481,174.763,1377200,20,20,140,1000,20,1000,137720,250
56,Vienna,48.2,16.3666,2400000,40,40,280,1000,20,1000,240000,250
57,Minsk,53.9,27.5666,1805000,30,30,210,1000,20,1000,180500,250
58,Brussels,50.8333,4.3333,1743000,30,30,210,1000,20,1000,174300,250
59,Sofia,42.6833,23.3167,1185000,20,20,140,1000,20,1000,118500,250
60,Prague,50.0833,14.466,1162000,20,20,140,1000,20,1000,116200,250
61,Kobenhavn,55.6786,12.5635,1085000,20,20,140,1000,20,1000,108500,250
62,Helsinki,60.1756,24.9341,1115000,20,20,140,1000,20,1000,111500,250
63,Paris,48.8667,2.3333,9904000,190,190,1330,1000,20,1000,990400,250
63,Lyon,45.77,4.83,1423000,20,20,140,1000,20,1000,142300,250
63,Marseille,43.29,5.375,1400000,20,20,140,1000,20,1000,140000,250
63,Lille,50.65,3.08,1044000,20,20,140,1000,20,1000,104400,250
64,Berlin,52.5218,13.4015,3406000,60,60,420,1000,20,1000,340600,250
64,Stuttgart,48.78,9.2,2944700,50,50,350,1000,20,1000,294470,250
64,Frankfurt,50.1,8.675,2895000,50,50,350,1000,20,1000,289500,250
64,Mannheim,49.5004,8.47,2362000,40,40,280,1000,20,1000,236200,250
64,Hamburg,53.55,10,1757000,30,30,210,1000,20,1000,175700,250
64,Essen,51.45,7.0166,1742135,30,30,210,1000,20,1000,174213,250
64,Duisburg,51.43,6.75,1276757,20,20,140,1000,20,1000,127675,250
64,Munich,48.1299,11.575,1275000,20,20,140,1000,20,1000,127500,250
64,Dusseldorf,51.2204,6.78,1220000,20,20,140,1000,20,1000,122000,250
64,Cologne,50.93,6.95,1004000,20,20,140,1000,20,1000,100400,250
65,Athens,37.9833,23.7333,3242000,60,60,420,1000,20,1000,324200,250
66,Budapest,47.5,19.0833,1679000,30,30,210,1000,20,1000,167900,250
67,Dublin,53.3331,-6.2489,1059000,20,20,140,1000,20,1000,105900,250
68,Rome,41.896,12.4833,3339000,60,60,420,1000,20,1000,333900,250
68,Milan,45.47,9.205,2945000,50,50,350,1000,20,1000,294500,250
68,Naples,40.84,14.245,2250000,40,40,280,1000,20,1000,225000,250
68,Turin,45.0704,7.67,1652000,30,30,210,1000,20,1000,165200,250
68,Florence,43.78,11.25,1500000,30,30,210,1000,20,1000,150000,250
69,The Hague,52.08,4.27,1406000,20,20,140,1000,20,1000,140600,250
69,Amsterdam,52.35,4.9166,1031000,20,20,140,1000,20,1000,103100,250
69,Rotterdam,51.92,4.48,1005000,20,20,140,1000,20,1000,100500,250
70,Katowice,50.2604,19.02,2746000,50,50,350,1000,20,1000,274600,250
70,Warsaw,52.25,21,1707000,30,30,210,1000,20,1000,170700,250
71,Lisbon,38.7227,-9.1449,2812000,50,50,350,1000,20,1000,281200,250
71,Porto,41.15,-8.62,1337000,20,20,140,1000,20,1000,133700,250
72,Bucharest,44.4334,26.0999,1942000,30,30,210,1000,20,1000,194200,250
73,Moscow,55.7522,37.6155,10452000,200,200,1400,1000,20,1000,1045200,250
73,St. Petersburg,59.939,30.316,4553000,90,90,630,1000,20,1000,455300,250
73,Novosibirsk,55.03,82.96,1389000,20,20,140,1000,20,1000,138900,250
73,Yekaterinburg,56.85,60.6,1313000,20,20,140,1000,20,1000,131300,250
73,Nizhny Novgorod,56.333,44.0001,1278000,20,20,140,1000,20,1000,127800,250
73,Samara,53.195,50.1513,1137000,20,20,140,1000,20,1000,113700,250
73,Omsk,54.99,73.4,1135000,20,20,140,1000,20,1000,113500,250
73,Kazan,55.7499,49.1263,1115000,20,20,140,1000,20,1000,111500,250
73,Chelyabinsk,55.155,61.4387,1091000,20,20,140,1000,20,1000,109100,250
73,Rostov,47.2346,39.7127,1052000,20,20,140,1000,20,1000,105200,250
73,Ufa,54.79,56.04,1018000,20,20,140,1000,20,1000,101800,250
74,Belgrade,44.8186,20.468,1099000,20,20,140,1000,20,1000,109900,250
75,Madrid,40.4,-3.6834,5567000,110,110,770,1000,20,1000,556700,250
75,Barcelona,41.3833,2.1834,4920000,90,90,630,1000,20,1000,492000,250
75,Seville,37.405,-5.98,1212045,20,20,140,1000,20,1000,121204,250
76,Stockholm,59.3508,18.0973,1264000,20,20,140,1000,20,1000,126400,250
77,Geneva,46.21,6.14,1240000,20,20,140,1000,20,1000,124000,250
77,Zurich,47.38,8.55,1108000,20,20,140,1000,20,1000,110800,250
78,Istanbul,41.105,29.01,10061000,200,200,1400,1000,20,1000,1006100,250
78,Ankara,39.9272,32.8644,3716000,70,70,490,1000,20,1000,371600,250
78,Izmir,38.4361,27.1518,2587000,50,50,350,1000,20,1000,258700,250
78,Bursa,40.2,29.07,1492000,20,20,140,1000,20,1000,149200,250
78,Adana,36.995,35.32,1293000,20,20,140,1000,20,1000,129300,250
78,Gaziantep,37.075,37.385,1044000,20,20,140,1000,20,1000,104400,250
79,Kiev,50.4334,30.5166,2709000,50,50,350,1000,20,1000,270900,250
79,Kharkiv,50,36.25,1461000,20,20,140,1000,20,1000,146100,250
79,Dnipro,48.48,35,1050000,20,20,140,1000,20,1000,105000,250
80,London,51.5,-0.1167,8567000,170,170,1190,1000,20,1000,856700,250
80,Birmingham,52.475,-1.92,2285000,40,40,280,1000,20,1000,228500,250
80,Manchester,53.5004,-2.248,2230000,40,40,280,1000,20,1000,223000,250
80,Leeds,53.83,-1.58,1529000,30,30,210,1000,20,1000,152900,250
80,Sheffield,53.3667,-1.5,1292900,20,20,140,1000,20,1000,129290,250
80,Glasgow,55.8744,-4.2507,1160000,20,20,140,1000,20,1000,116000,250
81,Tehran,35.6719,51.4243,7873000,150,150,1050,1000,20,1000,787300,250
81,Mashhad,36.27,59.57,2469000,40,40,280,1000,20,1000,246900,250
81,Isfahan,32.7,51.7,1628000,30,30,210,1000,20,1000,162800,250
81,Karaj,35.8004,50.97,1423000,20,20,140,1000,20,1000,142300,250
81,Tabriz,38.0863,46.3012,1413000,20,20,140,1000,20,1000,141300,250
81,Shiraz,29.63,52.57,1240000,20,20,140,1000,20,1000,124000,250
82,Baghdad,33.3386,44.3939,5054000,100,100,700,1000,20,1000,505400,250
82,Mosul,36.345,43.145,1316000,20,20,140,1000,20,1000,131600,250
83,Tel Aviv-Yafo,32.08,34.77,3112000,60,60,420,1000,20,1000,311200,250
83,Jerusalem,31.7784,35.2066,1029300,20,20,140,1000,20,1000,102930,250
83,Haifa,32.8204,34.98,1011000,20,20,140,1000,20,1000,101100,250
84,Amman,31.95,35.9333,1060000,20,20,140,1000,20,1000,106000,250
85,Kuwait,29.3697,47.9783,2063000,40,40,280,1000,20,1000,206300,250
86,Beirut,33.872,35.5097,1846000,30,30,210,1000,20,1000,184600,250
87,Doha,25.2866,51.533,1450000,20,20,140,1000,20,1000,145000,250
88,Riyadh,24.6408,46.7727,4465000,80,80,560,1000,20,1000,446500,250
88,Jeddah,21.5169,39.2192,3012000,60,60,420,1000,20,1000,301200,250
88,Ad Damman,26.4282,50.0997,2054710,40,40,280,1000,20,1000,205471,250
88,Makkah,21.43,39.82,1385000,20,20,140,1000,20,1000,138500,250
88,Medina,24.5,39.58,1010000,20,20,140,1000,20,1000,101000,250
89,Aleppo,36.23,37.17,2738000,50,50,350,1000,20,1000,273800,250
89,Damascus,33.5,36.3,2466000,40,40,280,1000,20,1000,246600,250
89,Hims,34.73,36.72,1005000,20,20,140,1000,20,1000,100500,250
90,Dubai,25.23,55.28,1379000,20,20,140,1000,20,1000,137900,250
90,Sharjah,25.3714,55.4065,1103027,20,20,140,1000,20,1000,110302,250
91,Sanaa,15.3547,44.2066,2008000,40,40,280,1000,20,1000,200800,250
91,Aden,12.7797,45.0095,1000000,20,20,140,1000,20,1000,100000,250
92,Toronto,43.7,-79.42,5213000,100,100,700,1000,20,1000,521300,250
92,Montreal,45.5,-73.5833,3678000,70,70,490,1000,20,1000,367800,250
92,Vancouver,49.2734,-123.1216,2313328,40,40,280,1000,20,1000,231332,250
92,Ottawa,45.4167,-75.7,1145000,20,20,140,1000,20,1000,114500,250
92,Calgary,51.083,-114.08,1110000,20,20,140,1000,20,1000,111000,250
92,Edmonton,53.55,-113.5,1058000,20,20,140,1000,20,1000,105800,250
93,New York,40.6943,-73.9249,19164071,380,380,2660,1000,20,1000,1916407,250
93,Los Angeles,34.114,-118.4068,12740381,250,250,1750,1000,20,1000,1274038,250
93,Chicago,41.8373,-87.6861,8639278,170,170,1190,1000,20,1000,863927,250
93,Miami,25.784,-80.2102,6247425,120,120,840,1000,20,1000,624742,250
93,Dallas,32.7938,-96.7659,5634307,110,110,770,1000,20,1000,563430,250
93,Philadelphia,40.0076,-75.134,5591554,110,110,770,1000,20,1000,559155,250
93,Houston,29.7871,-95.3936,5424720,100,100,700,1000,20,1000,542472,250
93,Washington,38.9047,-77.0163,5191844,100,100,700,1000,20,1000,519184,250
93,Atlanta,33.7627,-84.4231,5080712,100,100,700,1000,20,1000,508071,250
93,Boston,42.3189,-71.0838,4556916,90,90,630,1000,20,1000,455691,250
93,Phoenix,33.5722,-112.0891,4054083,80,80,560,1000,20,1000,405408,250
93,San Francisco,37.7561,-122.4429,3548847,70,70,490,1000,20,1000,354884,250
93,Seattle,47.6217,-122.3238,3541236,70,70,490,1000,20,1000,354123,250
93,Detroit,42.3834,-83.1024,3520589,70,70,490,1000,20,1000,352058,250
93,San Diego,32.8312,-117.1225,3181172,60,60,420,1000,20,1000,318117,250
93,Minneapolis,44.9635,-93.2679,2866604,50,50,350,1000,20,1000,286660,250
93,Tampa,27.9937,-82.4454,2744107,50,50,350,1000,20,1000,274410,250
93,Denver,39.7621,-104.8759,2741534,50,50,350,1000,20,1000,274153,250
93,Brooklyn,40.6501,-73.9496,2629150,50,50,350,1000,20,1000,262915,250
93,Queens,40.7498,-73.7976,2333054,40,40,280,1000,20,1000,233305,250
93,Baltimore,39.3051,-76.6144,2181206,40,40,280,1000,20,1000,218120,250
93,Saint Louis,38.6358,-90.2451,2096990,40,40,280,1000,20,1000,209699,250
93,Riverside,33.9382,-117.3949,2065627,40,40,280,1000,20,1000,206562,250
93,Las Vegas,36.2288,-115.2603,2044731,40,40,280,1000,20,1000,204473,250
93,Portland,45.5372,-122.65,2027629,40,40,280,1000,20,1000,202762,250
93,San Antonio,29.4722,-98.5247,1976787,30,30,210,1000,20,1000,197678,250
93,Sacramento,38.5666,-121.4683,1830061,30,30,210,1000,20,1000,183006,250
93,San Jose,37.302,-121.8488,1804359,30,30,210,1000,20,1000,180435,250
93,Orlando,28.4801,-81.3448,1757288,30,30,210,1000,20,1000,175728,250
93,Cleveland,41.4766,-81.6805,1731637,30,30,210,1000,20,1000,173163,250
93,Pittsburgh,40.4396,-79.9763,1722206,30,30,210,1000,20,1000,172220,250
93,Manhattan,40.7834,-73.9662,1643734,30,30,210,1000,20,1000,164373,250
93,Cincinnati,39.1412,-84.506,1634573,30,30,210,1000,20,1000,163457,250
93,Austin,30.3038,-97.7545,1633847,30,30,210,1000,20,1000,163384,250
93,Kansas City,39.1239,-94.5541,1590762,30,30,210,1000,20,1000,159076,250
93,Indianapolis,39.7771,-86.1458,1550488,30,30,210,1000,20,1000,155048,250
93,Columbus,39.9859,-82.9852,1495146,20,20,140,1000,20,1000,149514,250
93,Virginia Beach,36.7335,-76.0435,1487505,20,20,140,1000,20,1000,148750,250
93,Bronx,40.8501,-73.8662,1455720,20,20,140,1000,20,1000,145572,250
93,Charlotte,35.208,-80.8308,1438351,20,20,140,1000,20,1000,143835,250
93,Milwaukee,43.064,-87.9669,1377104,20,20,140,1000,20,1000,137710,250
93,Providence,41.8229,-71.4186,1198789,20,20,140,1000,20,1000,119878,250
93,Jacksonville,30.3322,-81.6749,1141459,20,20,140,1000,20,1000,114145,250
93,Memphis,35.1047,-89.9773,1069661,20,20,140,1000,20,1000,106966,250
93,Nashville,36.1714,-86.7844,1065078,20,20,140,1000,20,1000,106507,250
93,Salt Lake City,40.7774,-111.9301,1061156,20,20,140,1000,20,1000,106115,250
93,Richmond,37.5294,-77.4755,1041877,20,20,140,1000,20,1000,104187,250
93,New Orleans,30.0687,-89.9288,1024421,20,20,140,1000,20,1000,102442,250
93,Raleigh,35.8323,-78.6441,1005457,20,20,140,1000,20,1000,100545,250
93,Louisville,38.1662,-85.6488,1003412,20,20,140,1000,20,1000,100341,250
94,Buenos Aires,-34.6025,-58.3975,12795000,250,250,1750,1000,20,1000,1279500,250
94,Cordoba,-31.4,-64.1823,1452000,20,20,140,1000,20,1000,145200,250
94,Rosario,-32.9511,-60.6663,1203000,20,20,140,1000,20,1000,120300,250
95,Santa Cruz,-17.7539,-63.226,2102998,40,40,280,1000,20,1000,210299,250
95,La Paz,-16.498,-68.15,1590000,30,30,210,1000,20,1000,159000,250
95,Cochabamba,-17.41,-66.17,1000000,20,20,140,1000,20,1000,100000,250
96,Sao Paulo,-23.5587,-46.625,18845000,370,370,2590,1000,20,1000,1884500,250
96,Rio de Janeiro,-22.925,-43.225,11748000,230,230,1610,1000,20,1000,1174800,250
96,Belo Horizonte,-19.915,-43.915,5575000,110,110,770,1000,20,1000,557500,250
96,Porto Alegre,-30.05,-51.2,3917000,70,70,490,1000,20,1000,391700,250
96,Brasilia,-15.7833,-47.9161,3716996,70,70,490,1000,20,1000,371699,250
96,Recife,-8.0756,-34.9156,3651000,70,70,490,1000,20,1000,365100,250
96,Fortaleza,-3.75,-38.58,3602319,70,70,490,1000,20,1000,360231,250
96,Salvador,-12.97,-38.48,3484000,60,60,420,1000,20,1000,348400,250
96,Curitiba,-25.42,-49.32,3084000,60,60,420,1000,20,1000,308400,250
96,Campinas,-22.9,-47.1,2791000,50,50,350,1000,20,1000,279100,250
96,Belem,-1.45,-48.48,2167000,40,40,280,1000,20,1000,216700,250
96,Goiania,-16.72,-49.3,2022000,40,40,280,1000,20,1000,202200,250
96,Manaus,-3.1,-60,1753000,30,30,210,1000,20,1000,175300,250
96,Santos,-23.9537,-46.3329,1709000,30,30,210,1000,20,1000,170900,250
96,Vitoria,-20.324,-40.366,1704000,30,30,210,1000,20,1000,170400,250
96,Niteroi,-22.9,-43.1,1500513,30,30,210,1000,20,1000,150051,250
96,Vila Velha,-20.3676,-40.318,1209091,20,20,140,1000,20,1000,120909,250
96,Vila Velha,3.2167,-51.2167,1209091,20,20,140,1000,20,1000,120909,250
96,Maceio,-9.62,-35.73,1186000,20,20,140,1000,20,1000,118600,250
96,Natal,-5.78,-35.24,1088000,20,20,140,1000,20,1000,108800,250
96,Sao Luis,-2.516,-44.266,1038000,20,20,140,1000,20,1000,103800,250
96,Florianopolis,-27.58,-48.52,1023000,20,20,140,1000,20,1000,102300,250
97,Santiago,-33.45,-70.667,5720000,110,110,770,1000,20,1000,572000,250
98,Bogota,4.5964,-74.0833,7772000,150,150,1050,1000,20,1000,777200,250
98,Medellin,6.275,-75.575,3297000,60,60,420,1000,20,1000,329700,250
98,Cali,3.4,-76.5,2254000,40,40,280,1000,20,1000,225400,250
98,Barranquilla,10.96,-74.8,1798000,30,30,210,1000,20,1000,179800,250
98,Bucaramanga,7.1301,-73.1259,1009000,20,20,140,1000,20,1000,100900,250
99,San Jose,9.935,-84.0841,1284000,20,20,140,1000,20,1000,128400,250
100,Havana,23.132,-82.3642,2174000,40,40,280,1000,20,1000,217400,250
101,Santo Domingo,18.4701,-69.9001,2154000,40,40,280,1000,20,1000,215400,250
101,Santiago,19.5,-70.67,1550753,30,30,210,1000,20,1000,155075,250
102,Guayaquil,-2.22,-79.92,2514000,50,50,350,1000,20,1000,251400,250
102,Quito,-0.215,-78.5001,1701000,30,30,210,1000,20,1000,170100,250
103,San Salvador,13.71,-89.203,1433000,20,20,140,1000,20,1000,143300,250
104,Guatemala,14.6211,-90.527,1024000,20,20,140,1000,20,1000,102400,250
105,Port-au-Prince,18.541,-72.336,1998000,30,30,210,1000,20,1000,199800,250
106,Mexico City,19.4424,-99.131,19028000,380,380,2660,1000,20,1000,1902800,250
106,Guadalajara,20.67,-103.33,4198000,80,80,560,1000,20,1000,419800,250
106,Monterrey,25.67,-100.33,3712000,70,70,490,1000,20,1000,371200,250
106,Puebla,19.05,-98.2,2195000,40,40,280,1000,20,1000,219500,250
106,Tijuana,32.5,-117.08,1553000,30,30,210,1000,20,1000,155300,250
106,Toluca,19.3304,-99.67,1531000,30,30,210,1000,20,1000,153100,250
106,Leon,21.15,-101.7,1488000,20,20,140,1000,20,1000,148800,250
106,Ciudad Juarez,31.6904,-106.49,1343000,20,20,140,1000,20,1000,134300,250
106,Torreon,25.5701,-103.42,1144000,20,20,140,1000,20,1000,114400,250
106,Nezahualcoyotl,19.41,-99.03,1109363,20,20,140,1000,20,1000,110936,250
107,Panama City,8.968,-79.533,1281000,20,20,140,1000,20,1000,128100,250
108,Asuncion,-25.2964,-57.6415,1870000,30,30,210,1000,20,1000,187000,250
109,Lima,-12.048,-77.0501,8012000,160,160,1120,1000,20,1000,801200,250
110,Montevideo,-34.858,-56.1711,1513000,30,30,210,1000,20,1000,151300,250
111,Caracas,10.501,-66.917,2985000,50,50,350,1000,20,1000,298500,250
111,Maracaibo,10.73,-71.66,2072000,40,40,280,1000,20,1000,207200,250
111,Valencia,10.23,-67.98,1770000,30,30,210,1000,20,1000,177000,250
111,Barquisimeto,10.05,-69.3,1116000,20,20,140,1000,20,1000,111600,250
111,Maracay,10.2469,-67.5958,1007000,20,20,140,1000,20,1000,100700,250
