name,latitude,longtitude,population,country,territory,slots,ground_operations,landing_cost,boarding_cost,space_rent
Tokyo,35.685,139.7514,35676000,Japan,Asia,710,4970,1000,20,1000
New York,40.6943,-73.9249,19164071,United States,North America,380,2660,1000,20,1000
Mexico City,19.4424,-99.131,19028000,Mexico,South America,380,2660,1000,20,1000
Mumbai,19.017,72.857,18978000,India,Asia,370,2590,1000,20,1000
Sao Paulo,-23.5587,-46.625,18845000,Brazil,South America,370,2590,1000,20,1000
Delhi,28.67,77.23,15926000,India,Asia,310,2170,1000,20,1000
Shanghai,31.2165,121.4365,14987000,China,Asia,290,2030,1000,20,1000
Kolkata,22.495,88.3247,14787000,India,Asia,290,2030,1000,20,1000
Dhaka,23.7231,90.4086,12797394,Bangladesh,Asia,250,1750,1000,20,1000
Buenos Aires,-34.6025,-58.3975,12795000,Argentina,South America,250,1750,1000,20,1000
Los Angeles,34.114,-118.4068,12740381,United States,North America,250,1750,1000,20,1000
Karachi,24.87,66.99,12130000,Pakistan,Asia,240,1680,1000,20,1000
Cairo,30.05,31.25,11893000,Egypt,Africa,230,1610,1000,20,1000
Rio de Janeiro,-22.925,-43.225,11748000,Brazil,South America,230,1610,1000,20,1000
Osaka,34.75,135.4601,11294000,Japan,Asia,220,1540,1000,20,1000
Beijing,39.9289,116.3883,11106000,China,Asia,220,1540,1000,20,1000
Manila,14.6042,120.9822,11100000,Philippines,Asia,220,1540,1000,20,1000
Moscow,55.7522,37.6155,10452000,Russia,Europe,200,1400,1000,20,1000
Istanbul,41.105,29.01,10061000,Turkey,Europe,200,1400,1000,20,1000
Paris,48.8667,2.3333,9904000,France,Europe,190,1330,1000,20,1000
Seoul,37.5663,126.9997,9796000,Korea South,Asia,190,1330,1000,20,1000
Lagos,6.4433,3.3915,9466000,Nigeria,Africa,180,1260,1000,20,1000
Jakarta,-6.1744,106.8294,9125000,Indonesia,Asia,180,1260,1000,20,1000
Guangzhou,23.145,113.325,8829000,China,Asia,170,1190,1000,20,1000
Chicago,41.8373,-87.6861,8639278,United States,North America,170,1190,1000,20,1000
London,51.5,-0.1167,8567000,United Kingdom,Europe,170,1190,1000,20,1000
Lima,-12.048,-77.0501,8012000,Peru,South America,160,1120,1000,20,1000
Tehran,35.6719,51.4243,7873000,Iran,Middle East,150,1050,1000,20,1000
Kinshasa,-4.3297,15.315,7843000,Congo (Kinshasa),Africa,150,1050,1000,20,1000
Bogota,4.5964,-74.0833,7772000,Colombia,South America,150,1050,1000,20,1000
Shenzhen,22.5524,114.1221,7581000,China,Asia,150,1050,1000,20,1000
Wuhan,30.58,114.27,7243000,China,Asia,140,980,1000,20,1000
Hong Kong,22.305,114.185,7206000,Hong Kong,Asia,140,980,1000,20,1000
Tianjin,39.13,117.2,7180000,China,Asia,140,980,1000,20,1000
Chennai,13.09,80.28,7163000,India,Asia,140,980,1000,20,1000
Taipei,25.0358,121.5683,6900273,Taiwan,Asia,130,910,1000,20,1000
Bangalore,12.97,77.56,6787000,India,Asia,130,910,1000,20,1000
Bangkok,13.75,100.5166,6704000,Thailand,Asia,130,910,1000,20,1000
Lahore,31.56,74.35,6577000,Pakistan,Asia,130,910,1000,20,1000
Chongqing,29.565,106.595,6461000,China,Asia,120,840,1000,20,1000
Hyderabad,17.4,78.48,6376000,India,Asia,120,840,1000,20,1000
Miami,25.784,-80.2102,6247425,United States,North America,120,840,1000,20,1000
Santiago,-33.45,-70.667,5720000,Chile,South America,110,770,1000,20,1000
Dallas,32.7938,-96.7659,5634307,United States,North America,110,770,1000,20,1000
Philadelphia,40.0076,-75.134,5591554,United States,North America,110,770,1000,20,1000
Belo Horizonte,-19.915,-43.915,5575000,Brazil,South America,110,770,1000,20,1000
Madrid,40.4,-3.6834,5567000,Spain,Europe,110,770,1000,20,1000
Houston,29.7871,-95.3936,5424720,United States,North America,100,700,1000,20,1000
Ahmedabad,23.0301,72.58,5375000,India,Asia,100,700,1000,20,1000
Ho Chi Minh City,10.78,106.695,5314000,Vietnam,Asia,100,700,1000,20,1000
Toronto,43.7,-79.42,5213000,Canada,North America,100,700,1000,20,1000
Washington,38.9047,-77.0163,5191844,United States,North America,100,700,1000,20,1000
Singapore,1.293,103.8558,5183700,Singapore,Asia,100,700,1000,20,1000
Luanda,-8.8383,13.2344,5172900,Angola,Africa,100,700,1000,20,1000
Atlanta,33.7627,-84.4231,5080712,United States,North America,100,700,1000,20,1000
Baghdad,33.3386,44.3939,5054000,Iraq,Middle East,100,700,1000,20,1000
Barcelona,41.3833,2.1834,4920000,Spain,Europe,90,630,1000,20,1000
Haora,22.5804,88.3299,4841638,India,Asia,90,630,1000,20,1000
Shenyeng,41.805,123.45,4787000,China,Asia,90,630,1000,20,1000
Khartoum,15.5881,32.5342,4754000,Sudan,Africa,90,630,1000,20,1000
Pune,18.53,73.85,4672000,India,Asia,90,630,1000,20,1000
Sydney,-33.92,151.1852,4630000,Australia,Australia,90,630,1000,20,1000
Boston,42.3189,-71.0838,4556916,United States,North America,90,630,1000,20,1000
St. Petersburg,59.939,30.316,4553000,Russia,Europe,90,630,1000,20,1000
Chittagong,22.33,91.8,4529000,Bangladesh,Asia,90,630,1000,20,1000
Dongguan,23.0489,113.7447,4528000,China,Asia,90,630,1000,20,1000
Riyadh,24.6408,46.7727,4465000,Saudi Arabia,Middle East,80,560,1000,20,1000
Hanoi,21.0333,105.85,4378000,Vietnam,Asia,80,560,1000,20,1000
Guadalajara,20.67,-103.33,4198000,Mexico,South America,80,560,1000,20,1000
Melbourne,-37.82,144.975,4170000,Australia,Australia,80,560,1000,20,1000
Alexandria,31.2,29.95,4165000,Egypt,Africa,80,560,1000,20,1000
Chengdu,30.67,104.07,4123000,China,Asia,80,560,1000,20,1000
Rangoon,16.7834,96.1667,4088000,Burma,Africa,80,560,1000,20,1000
Phoenix,33.5722,-112.0891,4054083,United States,North America,80,560,1000,20,1000
Xian,34.275,108.895,4009000,China,Asia,80,560,1000,20,1000
Porto Alegre,-30.05,-51.2,3917000,Brazil,South America,70,490,1000,20,1000
Surat,21.2,72.84,3842000,India,Asia,70,490,1000,20,1000
Hechi,23.0965,109.6091,3830000,China,Asia,70,490,1000,20,1000
Abidjan,5.32,-4.04,3802000,Cote d Ivoire,Africa,70,490,1000,20,1000
Brasilia,-15.7833,-47.9161,3716996,Brazil,South America,70,490,1000,20,1000
Ankara,39.9272,32.8644,3716000,Turkey,Europe,70,490,1000,20,1000
Monterrey,25.67,-100.33,3712000,Mexico,South America,70,490,1000,20,1000
Yokohama,35.32,139.58,3697894,Japan,Asia,70,490,1000,20,1000
Nanjing,32.05,118.78,3679000,China,Asia,70,490,1000,20,1000
Montreal,45.5,-73.5833,3678000,Canada,North America,70,490,1000,20,1000
Guiyang,26.58,106.72,3662000,China,Asia,70,490,1000,20,1000
Recife,-8.0756,-34.9156,3651000,Brazil,South America,70,490,1000,20,1000
Harbin,45.75,126.65,3621000,China,Asia,70,490,1000,20,1000
Fortaleza,-3.75,-38.58,3602319,Brazil,South America,70,490,1000,20,1000
San Francisco,37.7561,-122.4429,3548847,United States,North America,70,490,1000,20,1000
Seattle,47.6217,-122.3238,3541236,United States,North America,70,490,1000,20,1000
Zhangzhou,24.5204,117.67,3531147,China,Asia,70,490,1000,20,1000
Detroit,42.3834,-83.1024,3520589,United States,North America,70,490,1000,20,1000
Salvador,-12.97,-38.48,3484000,Brazil,South America,60,420,1000,20,1000
Busan,35.0951,129.01,3480000,Korea South,Asia,60,420,1000,20,1000
Johannesburg,-26.17,28.03,3435000,South Africa,Africa,60,420,1000,20,1000
Berlin,52.5218,13.4015,3406000,Germany,Europe,60,420,1000,20,1000
Algiers,36.7631,3.0506,3354000,Algeria,Africa,60,420,1000,20,1000
Rome,41.896,12.4833,3339000,Italy,Europe,60,420,1000,20,1000
Pyongyang,39.0194,125.7547,3300000,Korea North,Asia,60,420,1000,20,1000
Medellin,6.275,-75.575,3297000,Colombia,South America,60,420,1000,20,1000
Kabul,34.5167,69.1833,3277000,Afghanistan,Asia,60,420,1000,20,1000
Athens,37.9833,23.7333,3242000,Greece,Europe,60,420,1000,20,1000
Nagoya,35.155,136.915,3230000,Japan,Asia,60,420,1000,20,1000
Cape Town,-33.92,18.435,3215000,South Africa,Africa,60,420,1000,20,1000
Changchun,43.865,125.34,3183000,China,Asia,60,420,1000,20,1000
San Diego,32.8312,-117.1225,3181172,United States,North America,60,420,1000,20,1000
Casablanca,33.6,-7.6164,3181000,Morocco,Africa,60,420,1000,20,1000
Dalian,38.9228,121.6298,3167000,China,Asia,60,420,1000,20,1000
Kanpur,26.46,80.32,3162000,India,Asia,60,420,1000,20,1000
Kano,12,8.52,3140000,Nigeria,Africa,60,420,1000,20,1000
Tel Aviv-Yafo,32.08,34.77,3112000,Israel,Middle East,60,420,1000,20,1000
Addis Ababa,9.0333,38.7,3100000,Ethiopia,Africa,60,420,1000,20,1000
Curitiba,-25.42,-49.32,3084000,Brazil,South America,60,420,1000,20,1000
Zibo,36.8,118.05,3061000,China,Asia,60,420,1000,20,1000
Jeddah,21.5169,39.2192,3012000,Saudi Arabia,Middle East,60,420,1000,20,1000
Nairobi,-1.2833,36.8167,3010000,Kenya,Asia,60,420,1000,20,1000
Hangzhou,30.25,120.17,3007000,China,Asia,60,420,1000,20,1000
Benoni,-26.1496,28.3299,2986000,South Africa,Africa,50,350,1000,20,1000
Caracas,10.501,-66.917,2985000,Venezuela,South America,50,350,1000,20,1000
Milan,45.47,9.205,2945000,Italy,Europe,50,350,1000,20,1000
Stuttgart,48.78,9.2,2944700,Germany,Europe,50,350,1000,20,1000
Kunming,25.07,102.68,2931000,China,Asia,50,350,1000,20,1000
Dar es Salaam,-6.8,39.2683,2930000,Tanzania,Africa,50,350,1000,20,1000
Jaipur,26.9211,75.81,2917000,India,Asia,50,350,1000,20,1000
Taiyuan,37.875,112.5451,2913000,China,Asia,50,350,1000,20,1000
Frankfurt,50.1,8.675,2895000,Germany,Europe,50,350,1000,20,1000
Minneapolis,44.9635,-93.2679,2866604,United States,North America,50,350,1000,20,1000
Qingdao,36.09,120.33,2866000,China,Asia,50,350,1000,20,1000
Surabaya,-7.2492,112.7508,2845000,Indonesia,Asia,50,350,1000,20,1000
Lisbon,38.7227,-9.1449,2812000,Portugal,Europe,50,350,1000,20,1000
Jinan,36.675,116.995,2798000,China,Asia,50,350,1000,20,1000
Fukuoka,33.595,130.41,2792000,Japan,Asia,50,350,1000,20,1000
Campinas,-22.9,-47.1,2791000,Brazil,South America,50,350,1000,20,1000
Kaohsiung,22.6333,120.2666,2769072,Taiwan,Asia,50,350,1000,20,1000
Quezon City,14.6504,121.03,2761720,Philippines,Asia,50,350,1000,20,1000
Katowice,50.2604,19.02,2746000,Poland,Europe,50,350,1000,20,1000
Tampa,27.9937,-82.4454,2744107,United States,North America,50,350,1000,20,1000
Denver,39.7621,-104.8759,2741534,United States,North America,50,350,1000,20,1000
Aleppo,36.23,37.17,2738000,Syria,Middle East,50,350,1000,20,1000
Durban,-29.865,30.98,2729000,South Africa,Africa,50,350,1000,20,1000
Kiev,50.4334,30.5166,2709000,Ukraine,Europe,50,350,1000,20,1000
Lucknow,26.855,80.915,2695000,India,Asia,50,350,1000,20,1000
El Giza,30.01,31.19,2681863,Egypt,Africa,50,350,1000,20,1000
Zhengzhou,34.755,113.6651,2636000,China,Asia,50,350,1000,20,1000
Taichung,24.1521,120.6817,2629323,Taiwan,Asia,50,350,1000,20,1000
Brooklyn,40.6501,-73.9496,2629150,United States,North America,50,350,1000,20,1000
Ibadan,7.38,3.93,2628000,Nigeria,Africa,50,350,1000,20,1000
Faisalabad,31.41,73.11,2617000,Pakistan,Asia,50,350,1000,20,1000
Fuzhou,26.08,119.3,2606000,China,Asia,50,350,1000,20,1000
Dakar,14.7158,-17.4731,2604000,Senegal,Africa,50,350,1000,20,1000
Changsha,28.2,112.97,2604000,China,Asia,50,350,1000,20,1000
Izmir,38.4361,27.1518,2587000,Turkey,Europe,50,350,1000,20,1000
Xiangtan,27.8504,112.9,2586948,China,Asia,50,350,1000,20,1000
Lanzhou,36.056,103.792,2561000,China,Asia,50,350,1000,20,1000
Incheon,37.4761,126.6422,2550000,Korea South,Asia,50,350,1000,20,1000
Sapporo,43.075,141.34,2544000,Japan,Asia,50,350,1000,20,1000
Xiamen,24.45,118.08,2519000,China,Asia,50,350,1000,20,1000
Guayaquil,-2.22,-79.92,2514000,Ecuador,South America,50,350,1000,20,1000
George Town,5.4136,100.3294,2500000,Malaysia,Asia,50,350,1000,20,1000
Mashhad,36.27,59.57,2469000,Iran,Middle East,40,280,1000,20,1000
Damascus,33.5,36.3,2466000,Syria,Middle East,40,280,1000,20,1000
Daegu,35.8668,128.607,2460000,Korea South,Asia,40,280,1000,20,1000
Nagpur,21.17,79.09,2454000,India,Asia,40,280,1000,20,1000
Jinxi,40.7503,120.83,2426000,China,Asia,40,280,1000,20,1000
Shijianzhuang,38.05,114.48,2417000,China,Asia,40,280,1000,20,1000
Tunis,36.8028,10.1797,2412500,Tunisia,Africa,40,280,1000,20,1000
Vienna,48.2,16.3666,2400000,Austria,Europe,40,280,1000,20,1000
Jilin,43.85,126.55,2396000,China,Asia,40,280,1000,20,1000
Omdurman,15.6167,32.48,2395159,Sudan,Africa,40,280,1000,20,1000
Bandung,-6.95,107.57,2394000,Indonesia,Asia,40,280,1000,20,1000
Bekasi,-6.2173,106.9723,2378211,Indonesia,Asia,40,280,1000,20,1000
Mannheim,49.5004,8.47,2362000,Germany,Europe,40,280,1000,20,1000
Nanchang,28.68,115.88,2350000,China,Asia,40,280,1000,20,1000
Wenzhou,28.02,120.6501,2350000,China,Asia,40,280,1000,20,1000
Queens,40.7498,-73.7976,2333054,United States,North America,40,280,1000,20,1000
Vancouver,49.2734,-123.1216,2313328,Canada,North America,40,280,1000,20,1000
Birmingham,52.475,-1.92,2285000,United Kingdom,Europe,40,280,1000,20,1000
Cali,3.4,-76.5,2254000,Colombia,South America,40,280,1000,20,1000
Naples,40.84,14.245,2250000,Italy,Europe,40,280,1000,20,1000
Sendai,38.2871,141.0217,2250000,Japan,Asia,40,280,1000,20,1000
Manchester,53.5004,-2.248,2230000,United Kingdom,Europe,40,280,1000,20,1000
Puebla,19.05,-98.2,2195000,Mexico,South America,40,280,1000,20,1000
Tripoli,32.8925,13.18,2189000,Libya,Africa,40,280,1000,20,1000
Tashkent,41.3117,69.2949,2184000,Uzbekistan,Asia,40,280,1000,20,1000
Baltimore,39.3051,-76.6144,2181206,United States,North America,40,280,1000,20,1000
Nanchong,30.7804,106.13,2174000,China,Asia,40,280,1000,20,1000
Havana,23.132,-82.3642,2174000,Cuba,South America,40,280,1000,20,1000
Belem,-1.45,-48.48,2167000,Brazil,South America,40,280,1000,20,1000
Nanning,22.82,108.32,2167000,China,Asia,40,280,1000,20,1000
Patna,25.625,85.13,2158000,India,Asia,40,280,1000,20,1000
Santo Domingo,18.4701,-69.9001,2154000,Dominican Republic,South America,40,280,1000,20,1000
Urumqi,43.805,87.575,2151000,China,Asia,40,280,1000,20,1000
Zaozhuang,34.88,117.57,2145000,China,Asia,40,280,1000,20,1000
Baku,40.3953,49.8622,2122300,Azerbaijan,Asia,40,280,1000,20,1000
Accra,5.55,-0.2167,2121000,Ghana,Africa,40,280,1000,20,1000
Yantai,37.5304,121.4,2116000,China,Asia,40,280,1000,20,1000
Medan,3.58,98.65,2115000,Indonesia,Asia,40,280,1000,20,1000
Santa Cruz,-17.7539,-63.226,2102998,Bolivia,South America,40,280,1000,20,1000
Saint Louis,38.6358,-90.2451,2096990,United States,North America,40,280,1000,20,1000
Xuzhou,34.28,117.18,2091000,China,Asia,40,280,1000,20,1000
Linyi,35.08,118.33,2082000,China,Asia,40,280,1000,20,1000
Maracaibo,10.73,-71.66,2072000,Venezuela,South America,40,280,1000,20,1000
Riverside,33.9382,-117.3949,2065627,United States,North America,40,280,1000,20,1000
Kuwait,29.3697,47.9783,2063000,Kuwait,Middle East,40,280,1000,20,1000
Ad Damman,26.4282,50.0997,2054710,Saudi Arabia,Middle East,40,280,1000,20,1000
Haikou,20.05,110.32,2046189,China,Asia,40,280,1000,20,1000
Hiroshima,34.3878,132.4429,2045000,Japan,Asia,40,280,1000,20,1000
Las Vegas,36.2288,-115.2603,2044731,United States,North America,40,280,1000,20,1000
Baotou,40.6522,109.822,2036000,China,Asia,40,280,1000,20,1000
Hefei,31.85,117.28,2035000,China,Asia,40,280,1000,20,1000
Portland,45.5372,-122.65,2027629,United States,North America,40,280,1000,20,1000
Indore,22.7151,75.865,2026000,India,Asia,40,280,1000,20,1000
Goiania,-16.72,-49.3,2022000,Brazil,South America,40,280,1000,20,1000
Sanaa,15.3547,44.2066,2008000,Yemen,Middle East,40,280,1000,20,1000
Port-au-Prince,18.541,-72.336,1998000,Haiti,South America,30,210,1000,20,1000
San Antonio,29.4722,-98.5247,1976787,United States,North America,30,210,1000,20,1000
Haiphong,20.83,106.6801,1969000,Vietnam,Asia,30,210,1000,20,1000
Suzhou,33.6361,116.9789,1964000,China,Asia,30,210,1000,20,1000
Nanyang,33.0004,112.53,1944000,China,Asia,30,210,1000,20,1000
Bucharest,44.4334,26.0999,1942000,Romania,Europe,30,210,1000,20,1000
Ningbo,29.88,121.55,1923000,China,Asia,30,210,1000,20,1000
Douala,4.0604,9.71,1906000,Cameroon,Africa,30,210,1000,20,1000
Tangshan,39.6243,118.1944,1879000,China,Asia,30,210,1000,20,1000
Tainan,23,120.2,1876312,Taiwan,Asia,30,210,1000,20,1000
Datong,40.08,113.3,1873000,China,Asia,30,210,1000,20,1000
Asuncion,-25.2964,-57.6415,1870000,Paraguay,South America,30,210,1000,20,1000
Saidu,34.75,72.35,1860310,Pakistan,Asia,30,210,1000,20,1000
Brisbane,-27.455,153.0351,1860000,Australia,Australia,30,210,1000,20,1000
Rawalpindi,33.6,73.04,1858000,Pakistan,Asia,30,210,1000,20,1000
Beirut,33.872,35.5097,1846000,Lebanon,Middle East,30,210,1000,20,1000
Sacramento,38.5666,-121.4683,1830061,United States,North America,30,210,1000,20,1000
Minsk,53.9,27.5666,1805000,Belarus,Europe,30,210,1000,20,1000
Kyoto,35.03,135.75,1805000,Japan,Asia,30,210,1000,20,1000
San Jose,37.302,-121.8488,1804359,United States,North America,30,210,1000,20,1000
Barranquilla,10.96,-74.8,1798000,Colombia,South America,30,210,1000,20,1000
Valencia,10.23,-67.98,1770000,Venezuela,South America,30,210,1000,20,1000
Shuyang,34.1299,118.7734,1770000,China,Asia,30,210,1000,20,1000
Orlando,28.4801,-81.3448,1757288,United States,North America,30,210,1000,20,1000
Hamburg,53.55,10,1757000,Germany,Europe,30,210,1000,20,1000
Vadodara,22.31,73.18,1756000,India,Asia,30,210,1000,20,1000
Manaus,-3.1,-60,1753000,Brazil,South America,30,210,1000,20,1000
Shangqiu,34.4504,115.65,1753000,China,Asia,30,210,1000,20,1000
Wuxi,31.58,120.3,1749000,China,Asia,30,210,1000,20,1000
Palembang,-2.98,104.75,1749000,Indonesia,Asia,30,210,1000,20,1000
Brussels,50.8333,4.3333,1743000,Belgium,Europe,30,210,1000,20,1000
Essen,51.45,7.0166,1742135,Germany,Europe,30,210,1000,20,1000
Cleveland,41.4766,-81.6805,1731637,United States,North America,30,210,1000,20,1000
Bhopal,23.25,77.41,1727000,India,Asia,30,210,1000,20,1000
Hohhot,40.82,111.66,1726000,China,Asia,30,210,1000,20,1000
Pittsburgh,40.4396,-79.9763,1722206,United States,North America,30,210,1000,20,1000
Luoyang,34.68,112.4701,1715000,China,Asia,30,210,1000,20,1000
Santos,-23.9537,-46.3329,1709000,Brazil,South America,30,210,1000,20,1000
Jianmen,30.6501,113.16,1708000,China,Asia,30,210,1000,20,1000
Warsaw,52.25,21,1707000,Poland,Europe,30,210,1000,20,1000
Rabat,34.0253,-6.8361,1705000,Morocco,Africa,30,210,1000,20,1000
Vitoria,-20.324,-40.366,1704000,Brazil,South America,30,210,1000,20,1000
Quito,-0.215,-78.5001,1701000,Ecuador,South America,30,210,1000,20,1000
Antananarivo,-18.9166,47.5166,1697000,Madagascar,Africa,30,210,1000,20,1000
Coimbatore,11,76.95,1696000,India,Asia,30,210,1000,20,1000
Daqing,46.58,125,1693000,China,Asia,30,210,1000,20,1000
Luan,31.7503,116.48,1690000,China,Asia,30,210,1000,20,1000
Wanzhou,30.82,108.4,1680000,China,Asia,30,210,1000,20,1000
Budapest,47.5,19.0833,1679000,Hungary,Europe,30,210,1000,20,1000
Turin,45.0704,7.67,1652000,Italy,Europe,30,210,1000,20,1000
Suzhou,31.3005,120.62,1650000,China,Asia,30,210,1000,20,1000
Ludhiana,30.9278,75.8723,1649000,India,Asia,30,210,1000,20,1000
Kumasi,6.69,-1.63,1646000,Ghana,Africa,30,210,1000,20,1000
Manhattan,40.7834,-73.9662,1643734,United States,North America,30,210,1000,20,1000
Qiqihar,47.345,123.99,1641000,China,Asia,30,210,1000,20,1000
Anshan,41.115,122.94,1639000,China,Asia,30,210,1000,20,1000
Cincinnati,39.1412,-84.506,1634573,United States,North America,30,210,1000,20,1000
Austin,30.3038,-97.7545,1633847,United States,North America,30,210,1000,20,1000
Zhongli,24.965,121.2168,1632616,Taiwan,Asia,30,210,1000,20,1000
Handan,36.58,114.48,1631000,China,Asia,30,210,1000,20,1000
Taian,36.2,117.1201,1629000,China,Asia,30,210,1000,20,1000
Isfahan,32.7,51.7,1628000,Iran,Middle East,30,210,1000,20,1000
Yaounde,3.8667,11.5167,1611000,Cameroon,Africa,30,210,1000,20,1000
Shantou,23.37,116.67,1601000,China,Asia,30,210,1000,20,1000
Agra,27.1704,78.015,1592000,India,Asia,30,210,1000,20,1000
Kansas City,39.1239,-94.5541,1590762,United States,North America,30,210,1000,20,1000
La Paz,-16.498,-68.15,1590000,Bolivia,South America,30,210,1000,20,1000
Zhanjiang,21.2,110.38,1590000,China,Asia,30,210,1000,20,1000
Kalyan,19.2502,73.1602,1576614,India,Asia,30,210,1000,20,1000
Abuja,9.0833,7.5333,1576000,Nigeria,Africa,30,210,1000,20,1000
Harare,-17.8178,31.0447,1572000,Zimbabwe,Africa,30,210,1000,20,1000
Xiantao,30.3704,113.44,1556000,China,Asia,30,210,1000,20,1000
Tijuana,32.5,-117.08,1553000,Mexico,South America,30,210,1000,20,1000
Khulna,22.84,89.56,1553000,Bangladesh,Asia,30,210,1000,20,1000
Weifang,36.7204,119.1001,1553000,China,Asia,30,210,1000,20,1000
Santiago,19.5,-70.67,1550753,Dominican Republic,South America,30,210,1000,20,1000
Indianapolis,39.7771,-86.1458,1550488,United States,North America,30,210,1000,20,1000
Xinyang,32.1304,114.07,1541000,China,Asia,30,210,1000,20,1000
Luzhou,28.88,105.38,1537000,China,Asia,30,210,1000,20,1000
Perth,-31.955,115.84,1532000,Australia,Australia,30,210,1000,20,1000
Toluca,19.3304,-99.67,1531000,Mexico,South America,30,210,1000,20,1000
Leeds,53.83,-1.58,1529000,United Kingdom,Europe,30,210,1000,20,1000
Vishakhapatnam,17.73,83.305,1529000,India,Asia,30,210,1000,20,1000
Kobe,34.68,135.17,1528478,Japan,Asia,30,210,1000,20,1000
Multan,30.2,71.455,1522000,Pakistan,Asia,30,210,1000,20,1000
Kochi,10.015,76.2239,1519000,India,Asia,30,210,1000,20,1000
Gujranwala,32.1604,74.185,1513000,Pakistan,Asia,30,210,1000,20,1000
Montevideo,-34.858,-56.1711,1513000,Uruguay,South America,30,210,1000,20,1000
Niteroi,-22.9,-43.1,1500513,Brazil,South America,30,210,1000,20,1000
Ganzhou,25.92,114.95,1500000,China,Asia,30,210,1000,20,1000
Florence,43.78,11.25,1500000,Italy,Europe,30,210,1000,20,1000
Liuzhou,24.28,109.25,1497000,China,Asia,20,140,1000,20,1000
Columbus,39.9859,-82.9852,1495146,United States,North America,20,140,1000,20,1000
Bamako,12.65,-8,1494000,Mali,Africa,20,140,1000,20,1000
Conakry,9.5315,-13.6802,1494000,Guinea,Africa,20,140,1000,20,1000
Bursa,40.2,29.07,1492000,Turkey,Europe,20,140,1000,20,1000
Leon,21.15,-101.7,1488000,Mexico,South America,20,140,1000,20,1000
Virginia Beach,36.7335,-76.0435,1487505,United States,North America,20,140,1000,20,1000
Nasik,20.0004,73.78,1473000,India,Asia,20,140,1000,20,1000
Fushun,41.8654,123.87,1470000,China,Asia,20,140,1000,20,1000
Changde,29.03,111.68,1469000,China,Asia,20,140,1000,20,1000
Daejeon,36.3355,127.425,1468000,Korea South,Asia,20,140,1000,20,1000
Neijiang,29.5804,105.05,1466000,China,Asia,20,140,1000,20,1000
Phnom Penh,11.55,104.9166,1466000,Cambodia,Asia,20,140,1000,20,1000
Quanzhou,24.9,118.58,1463000,China,Asia,20,140,1000,20,1000
Kharkiv,50,36.25,1461000,Ukraine,Europe,20,140,1000,20,1000
Hyderabad,25.38,68.375,1459000,Pakistan,Asia,20,140,1000,20,1000
Bronx,40.8501,-73.8662,1455720,United States,North America,20,140,1000,20,1000
Lome,6.1319,1.2228,1452000,Togo,Africa,20,140,1000,20,1000
Cordoba,-31.4,-64.1823,1452000,Argentina,South America,20,140,1000,20,1000
Huainan,32.63,116.98,1451000,China,Asia,20,140,1000,20,1000
Doha,25.2866,51.533,1450000,Qatar,Middle East,20,140,1000,20,1000
Kuala Lumpur,3.1667,101.7,1448000,Malaysia,Asia,20,140,1000,20,1000
Maputo,-25.9553,32.5892,1446000,Mozambique,Africa,20,140,1000,20,1000
Kaduna,10.52,7.44,1442000,Nigeria,Africa,20,140,1000,20,1000
Gwangju,35.171,126.9104,1440000,Korea South,Asia,20,140,1000,20,1000
Charlotte,35.208,-80.8308,1438351,United States,North America,20,140,1000,20,1000
Kawasaki,35.53,139.705,1437266,Japan,Asia,20,140,1000,20,1000
San Salvador,13.71,-89.203,1433000,El Salvador,South America,20,140,1000,20,1000
Suining,30.5333,105.5333,1425000,China,Asia,20,140,1000,20,1000
Lyon,45.77,4.83,1423000,France,Europe,20,140,1000,20,1000
Karaj,35.8004,50.97,1423000,Iran,Middle East,20,140,1000,20,1000
Kampala,0.3167,32.5833,1420000,Uganda,Africa,20,140,1000,20,1000
Tabriz,38.0863,46.3012,1413000,Iran,Middle East,20,140,1000,20,1000
The Hague,52.08,4.27,1406000,Netherlands,Europe,20,140,1000,20,1000
Davao,7.11,125.63,1402000,Philippines,Asia,20,140,1000,20,1000
Marseille,43.29,5.375,1400000,France,Europe,20,140,1000,20,1000
Meerut,29.0004,77.7,1398000,India,Asia,20,140,1000,20,1000
Mianyang,31.47,104.77,1396000,China,Asia,20,140,1000,20,1000
Semarang,-6.9666,110.42,1396000,Indonesia,Asia,20,140,1000,20,1000
Faridabad,28.4333,77.3167,1394000,India,Asia,20,140,1000,20,1000
Novosibirsk,55.03,82.96,1389000,Russia,Europe,20,140,1000,20,1000
Makkah,21.43,39.82,1385000,Saudi Arabia,Middle East,20,140,1000,20,1000
Dubai,25.23,55.28,1379000,United Arab Emirates,Middle East,20,140,1000,20,1000
Auckland,-36.8481,174.763,1377200,New Zealand,Australia,20,140,1000,20,1000
Milwaukee,43.064,-87.9669,1377104,United States,North America,20,140,1000,20,1000
Maanshan,31.7304,118.48,1366302,China,Asia,20,140,1000,20,1000
Brazzaville,-4.2592,15.2847,1355000,Congo (Brazzaville),Africa,20,140,1000,20,1000
Lubumbashi,-11.68,27.48,1352000,Congo (Kinshasa),Africa,20,140,1000,20,1000
Yiyang,28.6004,112.33,1352000,China,Asia,20,140,1000,20,1000
Varanasi,25.33,83,1352000,India,Asia,20,140,1000,20,1000
Ciudad Juarez,31.6904,-106.49,1343000,Mexico,South America,20,140,1000,20,1000
Ghaziabad,28.6604,77.4084,1341000,India,Asia,20,140,1000,20,1000
Pretoria,-25.7069,28.2294,1338000,South Africa,Africa,20,140,1000,20,1000
Heze,35.23,115.45,1338000,China,Asia,20,140,1000,20,1000
Porto,41.15,-8.62,1337000,Portugal,Europe,20,140,1000,20,1000
Lusaka,-15.4166,28.2833,1328000,Zambia,Africa,20,140,1000,20,1000
Asansol,23.6833,86.9833,1328000,India,Asia,20,140,1000,20,1000
Changzhou,31.78,119.97,1327000,China,Asia,20,140,1000,20,1000
Mosul,36.345,43.145,1316000,Iraq,Middle East,20,140,1000,20,1000
Yekaterinburg,56.85,60.6,1313000,Russia,Europe,20,140,1000,20,1000
Peshawar,34.005,71.535,1303000,Pakistan,Asia,20,140,1000,20,1000
Mandalay,21.97,96.085,1300000,Burma,Africa,20,140,1000,20,1000
Jamshedpur,22.7875,86.1975,1300000,India,Asia,20,140,1000,20,1000
Mbuji-Mayi,-6.15,23.6,1295000,Congo (Kinshasa),Africa,20,140,1000,20,1000
Madurai,9.92,78.12,1294000,India,Asia,20,140,1000,20,1000
Adana,36.995,35.32,1293000,Turkey,Europe,20,140,1000,20,1000
Sheffield,53.3667,-1.5,1292900,United Kingdom,Europe,20,140,1000,20,1000
Jabalpur,23.1751,79.9551,1285000,India,Asia,20,140,1000,20,1000
San Jose,9.935,-84.0841,1284000,Costa Rica,South America,20,140,1000,20,1000
Panama City,8.968,-79.533,1281000,Panama,South America,20,140,1000,20,1000
Nizhny Novgorod,56.333,44.0001,1278000,Russia,Europe,20,140,1000,20,1000
Chifeng,42.27,118.95,1277000,China,Asia,20,140,1000,20,1000
Duisburg,51.43,6.75,1276757,Germany,Europe,20,140,1000,20,1000
Munich,48.1299,11.575,1275000,Germany,Europe,20,140,1000,20,1000
Stockholm,59.3508,18.0973,1264000,Sweden,Europe,20,140,1000,20,1000
Huaiyin,33.58,119.03,1264000,China,Asia,20,140,1000,20,1000
Ujungpandang,-5.14,119.432,1262000,Indonesia,Asia,20,140,1000,20,1000
Rajkot,22.31,70.8,1260000,India,Asia,20,140,1000,20,1000
Dhanbad,23.8004,86.42,1246000,India,Asia,20,140,1000,20,1000
Mudangiang,44.575,129.59,1244000,China,Asia,20,140,1000,20,1000
Geneva,46.21,6.14,1240000,Switzerland,Europe,20,140,1000,20,1000
Shiraz,29.63,52.57,1240000,Iran,Middle East,20,140,1000,20,1000
Huzhou,30.8704,120.1,1231000,China,Asia,20,140,1000,20,1000
Tianshui,34.6,105.92,1225000,China,Asia,20,140,1000,20,1000
Lupanshui,26.5944,104.8333,1221000,China,Asia,20,140,1000,20,1000
Dusseldorf,51.2204,6.78,1220000,Germany,Europe,20,140,1000,20,1000
Maoming,21.9204,110.87,1217715,China,Asia,20,140,1000,20,1000
Seville,37.405,-5.98,1212045,Spain,Europe,20,140,1000,20,1000
Amritsar,31.64,74.87,1212000,India,Asia,20,140,1000,20,1000
Vila Velha,-20.3676,-40.318,1209091,Brazil,South America,20,140,1000,20,1000
Vila Velha,3.2167,-51.2167,1209091,Brazil,South America,20,140,1000,20,1000
Almaty,43.325,76.915,1209000,Kazakhstan,Asia,20,140,1000,20,1000
Warangal,18.01,79.58,1203853,India,Asia,20,140,1000,20,1000
Rosario,-32.9511,-60.6663,1203000,Argentina,South America,20,140,1000,20,1000
Allahabad,25.455,81.84,1201000,India,Asia,20,140,1000,20,1000
Providence,41.8229,-71.4186,1198789,United States,North America,20,140,1000,20,1000
Benin City,6.3405,5.62,1190000,Nigeria,Africa,20,140,1000,20,1000
Maceio,-9.62,-35.73,1186000,Brazil,South America,20,140,1000,20,1000
Jining,35.4004,116.55,1186000,China,Asia,20,140,1000,20,1000
Sofia,42.6833,23.3167,1185000,Bulgaria,Europe,20,140,1000,20,1000
Abbottabad,34.1495,73.1995,1183647,Pakistan,Asia,20,140,1000,20,1000
Banghazi,32.1167,20.0667,1180000,Libya,Africa,20,140,1000,20,1000
Cilacap,-7.7188,109.0154,1174964,Indonesia,Asia,20,140,1000,20,1000
Prague,50.0833,14.466,1162000,Czech Republic,Europe,20,140,1000,20,1000
Glasgow,55.8744,-4.2507,1160000,United Kingdom,Europe,20,140,1000,20,1000
Leshan,29.5671,103.7333,1157000,China,Asia,20,140,1000,20,1000
Ouagadougou,12.3703,-1.5247,1149000,Burkina Faso,Africa,20,140,1000,20,1000
Adelaide,-34.935,138.6,1145000,Australia,Australia,20,140,1000,20,1000
Ottawa,45.4167,-75.7,1145000,Canada,North America,20,140,1000,20,1000
Shangrao,28.4704,117.97,1144577,China,Asia,20,140,1000,20,1000
Torreon,25.5701,-103.42,1144000,Mexico,South America,20,140,1000,20,1000
Jacksonville,30.3322,-81.6749,1141459,United States,North America,20,140,1000,20,1000
Srinagar,34.1,74.815,1140000,India,Asia,20,140,1000,20,1000
Samara,53.195,50.1513,1137000,Russia,Europe,20,140,1000,20,1000
Vijayawada,16.52,80.63,1137000,India,Asia,20,140,1000,20,1000
Omsk,54.99,73.4,1135000,Russia,Europe,20,140,1000,20,1000
Newcastle,-32.8453,151.815,1134616,Australia,Australia,20,140,1000,20,1000
Yulin,22.63,110.15,1127000,China,Asia,20,140,1000,20,1000
Nampo,38.7669,125.4524,1127000,Korea North,Asia,20,140,1000,20,1000
Xianyang,34.3456,108.7147,1126000,China,Asia,20,140,1000,20,1000
Cagayan de Oro,8.4508,124.6853,1121561,Philippines,Asia,20,140,1000,20,1000
Can Tho,10.05,105.77,1121000,Vietnam,Asia,20,140,1000,20,1000
Barquisimeto,10.05,-69.3,1116000,Venezuela,South America,20,140,1000,20,1000
Kazan,55.7499,49.1263,1115000,Russia,Europe,20,140,1000,20,1000
Helsinki,60.1756,24.9341,1115000,Finland,Europe,20,140,1000,20,1000
Aurangabad,19.8957,75.3203,1113000,India,Asia,20,140,1000,20,1000
Calgary,51.083,-114.08,1110000,Canada,North America,20,140,1000,20,1000
Nezahualcoyotl,19.41,-99.03,1109363,Mexico,South America,20,140,1000,20,1000
Zurich,47.38,8.55,1108000,Switzerland,Europe,20,140,1000,20,1000
Baoding,38.8704,115.48,1107000,China,Asia,20,140,1000,20,1000
Zigong,29.4,104.78,1105000,China,Asia,20,140,1000,20,1000
Sharjah,25.3714,55.4065,1103027,United Arab Emirates,Middle East,20,140,1000,20,1000
Yerevan,40.1812,44.5136,1102000,Armenia,Asia,20,140,1000,20,1000
Mogadishu,2.0667,45.3667,1100000,Somalia,Africa,20,140,1000,20,1000
Huambo,-12.75,15.76,1100000,Angola,Africa,20,140,1000,20,1000
Ankang,32.68,109.02,1100000,China,Asia,20,140,1000,20,1000
Tbilisi,41.725,44.7908,1100000,Georgia,Asia,20,140,1000,20,1000
Ikare,7.5304,5.76,1099931,Nigeria,Africa,20,140,1000,20,1000
Belgrade,44.8186,20.468,1099000,Serbia,Europe,20,140,1000,20,1000
Bhilai,21.2167,81.4333,1097000,India,Asia,20,140,1000,20,1000
Jinhua,29.12,119.65,1092852,China,Asia,20,140,1000,20,1000
Chelyabinsk,55.155,61.4387,1091000,Russia,Europe,20,140,1000,20,1000
Natal,-5.78,-35.24,1088000,Brazil,South America,20,140,1000,20,1000
Dushanbe,38.56,68.7739,1086244,Tajikistan,Asia,20,140,1000,20,1000
Kobenhavn,55.6786,12.5635,1085000,Denmark,Europe,20,140,1000,20,1000
Changwon,35.2191,128.5836,1081499,Korea South,Asia,20,140,1000,20,1000
Zhuzhou,27.83,113.15,1080000,China,Asia,20,140,1000,20,1000
Suwon,37.2578,127.0109,1078000,Korea South,Asia,20,140,1000,20,1000
Vereeniging,-26.6496,27.96,1074000,South Africa,Africa,20,140,1000,20,1000
Memphis,35.1047,-89.9773,1069661,United States,North America,20,140,1000,20,1000
Xiangfan,32.02,112.13,1069000,China,Asia,20,140,1000,20,1000
Nashville,36.1714,-86.7844,1065078,United States,North America,20,140,1000,20,1000
Salt Lake City,40.7774,-111.9301,1061156,United States,North America,20,140,1000,20,1000
Ulsan,35.5467,129.317,1061000,Korea South,Asia,20,140,1000,20,1000
Zhucheng,35.99,119.3801,1060000,China,Asia,20,140,1000,20,1000
Amman,31.95,35.9333,1060000,Jordan,Middle East,20,140,1000,20,1000
Dublin,53.3331,-6.2489,1059000,Ireland,Europe,20,140,1000,20,1000
Edmonton,53.55,-113.5,1058000,Canada,North America,20,140,1000,20,1000
Sholapur,17.6704,75.9,1057000,India,Asia,20,140,1000,20,1000
Rostov,47.2346,39.7127,1052000,Russia,Europe,20,140,1000,20,1000
Dnipro,48.48,35,1050000,Ukraine,Europe,20,140,1000,20,1000
Xining,36.62,101.77,1048000,China,Asia,20,140,1000,20,1000
Zhangjiakou,40.83,114.93,1046000,China,Asia,20,140,1000,20,1000
Gaziantep,37.075,37.385,1044000,Turkey,Europe,20,140,1000,20,1000
Lille,50.65,3.08,1044000,France,Europe,20,140,1000,20,1000
Ranchi,23.37,85.33,1044000,India,Asia,20,140,1000,20,1000
Richmond,37.5294,-77.4755,1041877,United States,North America,20,140,1000,20,1000
Monrovia,6.3106,-10.8048,1041000,Liberia,Africa,20,140,1000,20,1000
Sao Luis,-2.516,-44.266,1038000,Brazil,South America,20,140,1000,20,1000
Amsterdam,52.35,4.9166,1031000,Netherlands,Europe,20,140,1000,20,1000
Jerusalem,31.7784,35.2066,1029300,Israel,Middle East,20,140,1000,20,1000
New Orleans,30.0687,-89.9288,1024421,United States,North America,20,140,1000,20,1000
Guatemala,14.6211,-90.527,1024000,Guatemala,South America,20,140,1000,20,1000
Florianopolis,-27.58,-48.52,1023000,Brazil,South America,20,140,1000,20,1000
Zhuhai,22.2769,113.5678,1023000,China,Asia,20,140,1000,20,1000
Port Elizabeth,-33.97,25.6,1021000,South Africa,Africa,20,140,1000,20,1000
Port Harcourt,4.81,7.01,1020000,Nigeria,Africa,20,140,1000,20,1000
Jiamusi,46.83,130.35,1020000,China,Asia,20,140,1000,20,1000
Ufa,54.79,56.04,1018000,Russia,Europe,20,140,1000,20,1000
Hengyang,26.88,112.59,1016000,China,Asia,20,140,1000,20,1000
Benxi,41.3304,123.75,1012000,China,Asia,20,140,1000,20,1000
Haifa,32.8204,34.98,1011000,Israel,Middle East,20,140,1000,20,1000
Medina,24.5,39.58,1010000,Saudi Arabia,Middle East,20,140,1000,20,1000
Bucaramanga,7.1301,-73.1259,1009000,Colombia,South America,20,140,1000,20,1000
Maracay,10.2469,-67.5958,1007000,Venezuela,South America,20,140,1000,20,1000
Raleigh,35.8323,-78.6441,1005457,United States,North America,20,140,1000,20,1000
Rotterdam,51.92,4.48,1005000,Netherlands,Europe,20,140,1000,20,1000
Hims,34.73,36.72,1005000,Syria,Middle East,20,140,1000,20,1000
Cologne,50.93,6.95,1004000,Germany,Europe,20,140,1000,20,1000
Louisville,38.1662,-85.6488,1003412,United States,North America,20,140,1000,20,1000
Qinhuangdao,39.9304,119.62,1003000,China,Asia,20,140,1000,20,1000
Fez,34.0546,-5.0004,1002000,Morocco,Africa,20,140,1000,20,1000
Aden,12.7797,45.0095,1000000,Yemen,Middle East,20,140,1000,20,1000
Da Nang,16.06,108.25,1000000,Vietnam,Asia,20,140,1000,20,1000
Cochabamba,-17.41,-66.17,1000000,Bolivia,South America,20,140,1000,20,1000
Yongzhou,26.2304,111.62,1000000,China,Asia,20,140,1000,20,1000
Baoshan,25.12,99.15,1000000,China,Asia,20,140,1000,20,1000